{"cameraMode":{"drawMode":0,"name":"Shaded","section":"Shading Mode"},"sceneLighting":true,"audioPlay":false,"sceneViewState":{"m_AlwaysRefresh":false,"showFog":true,"showSkybox":true,"showFlares":true,"showImageEffects":true,"showParticleSystems":true,"showVisualEffectGraphs":true,"m_FxEnabled":true},"in2DMode":false,"pivot":{"x":581.6368408203125,"y":397.3918151855469,"z":33.90148162841797},"rotation":{"x":0.010495554655790329,"y":-0.028494669124484063,"z":0.000299282866762951,"w":0.999541163444519},"size":227.38088989257813,"orthographic":false}